movie_name,picture_1_HQ,picture_2_HQ,picture_3_HQ,picture_4_HQ,picture_5_HQ,picture_6_HQ,picture_7_HQ,picture_8_HQ,picture_9_HQ,picture_10_HQ,picture_11_HQ,picture_12_HQ,picture_1_LQ,picture_2_LQ,picture_3_LQ,picture_4_LQ,picture_5_LQ,picture_6_LQ,picture_7_LQ,picture_8_LQ,picture_9_LQ,picture_10_LQ,picture_11_LQ,picture_12_LQ
Andor,https://m.media-amazon.com/images/M/MV5BYzQ4MjFlZDktZDg0Yy00ZDk4LWFiMzYtNjhiMGY4ZGMyOWMzXkEyXkFqcGdeQXVyMTUzMTg2ODkz._V1_.jpg,https://m.media-amazon.com/images/M/MV5BYzQ4MjFlZDktZDg0Yy00ZDk4LWFiMzYtNjhiMGY4ZGMyOWMzXkEyXkFqcGdeQXVyMTUzMTg2ODkz._V1_.jpg,https://m.media-amazon.com/images/M/MV5BYmY2NTMwMzctNmU3Ny00NTAyLWI3ZDYtNTQxOTUzMjVkNDc4XkEyXkFqcGdeQXVyMTUzMTg2ODkz._V1_.jpg,https://m.media-amazon.com/images/M/MV5BZThlZDM2OGItNDQ4ZS00ZjgxLWFmMjMtNTI2NjIwOWU2MzU1XkEyXkFqcGdeQXVyMTUzMTg2ODkz._V1_.jpg,https://m.media-amazon.com/images/M/MV5BMTRkNWU5NWQtNWQwMi00MTZiLWFmM2ItOWIwNTM2NjhmMjMxXkEyXkFqcGdeQXVyMTUzMTg2ODkz._V1_.jpg,https://m.media-amazon.com/images/M/MV5BOGVjM2MyZGEtYjFhMi00MDUxLWI1YzgtYTg3YjNjYWI2NzI1XkEyXkFqcGdeQXVyMTUzMTg2ODkz._V1_.jpg,https://m.media-amazon.com/images/M/MV5BYTkwZWQ4MTUtZGM3My00NjYwLWE3MGYtNzU5ODBlMmY5ZWNiXkEyXkFqcGdeQXVyMTUzMTg2ODkz._V1_.jpg,https://m.media-amazon.com/images/M/MV5BOTBhMmU0NGQtZmE4MS00M2M0LTkyOTgtZTAxYWJlMzAyYzNhXkEyXkFqcGdeQXVyMTUzMTg2ODkz._V1_.jpg,https://m.media-amazon.com/images/M/MV5BMzgxZGNhYjQtMWI0Mi00NGE1LWFjYTMtYWEwNDA2MDA5NDRiXkEyXkFqcGdeQXVyMTUzMTg2ODkz._V1_.jpg,https://m.media-amazon.com/images/M/MV5BMWVhNTIwODUtZTBlOS00M2Y2LTgwYzQtZmI5NzZjZjlhNWE3XkEyXkFqcGdeQXVyMTUzMTg2ODkz._V1_.jpg,https://m.media-amazon.com/images/M/MV5BZDg1MWFkNTQtZGYxNS00ZjhkLTg0NGUtMmMzZTgzZGVmYjZkXkEyXkFqcGdeQXVyMTUzMTg2ODkz._V1_.jpg,https://m.media-amazon.com/images/M/MV5BZDYwMjQ1YjUtNTc1NC00ODA4LTgzODQtNmFlYmYzOWFhZGM5XkEyXkFqcGdeQXVyMTUzMTg2ODkz._V1_.jpg,https://m.media-amazon.com/images/M/MV5BYzQ4MjFlZDktZDg0Yy00ZDk4LWFiMzYtNjhiMGY4ZGMyOWMzXkEyXkFqcGdeQXVyMTUzMTg2ODkz._V1_FMjpg_UX320_.jpg,https://m.media-amazon.com/images/M/MV5BYzQ4MjFlZDktZDg0Yy00ZDk4LWFiMzYtNjhiMGY4ZGMyOWMzXkEyXkFqcGdeQXVyMTUzMTg2ODkz._V1_FMjpg_UX320_.jpg,https://m.media-amazon.com/images/M/MV5BYmY2NTMwMzctNmU3Ny00NTAyLWI3ZDYtNTQxOTUzMjVkNDc4XkEyXkFqcGdeQXVyMTUzMTg2ODkz._V1_FMjpg_UX320_.jpg,https://m.media-amazon.com/images/M/MV5BZThlZDM2OGItNDQ4ZS00ZjgxLWFmMjMtNTI2NjIwOWU2MzU1XkEyXkFqcGdeQXVyMTUzMTg2ODkz._V1_FMjpg_UX320_.jpg,https://m.media-amazon.com/images/M/MV5BMTRkNWU5NWQtNWQwMi00MTZiLWFmM2ItOWIwNTM2NjhmMjMxXkEyXkFqcGdeQXVyMTUzMTg2ODkz._V1_FMjpg_UX320_.jpg,https://m.media-amazon.com/images/M/MV5BOGVjM2MyZGEtYjFhMi00MDUxLWI1YzgtYTg3YjNjYWI2NzI1XkEyXkFqcGdeQXVyMTUzMTg2ODkz._V1_FMjpg_UX320_.jpg,https://m.media-amazon.com/images/M/MV5BYTkwZWQ4MTUtZGM3My00NjYwLWE3MGYtNzU5ODBlMmY5ZWNiXkEyXkFqcGdeQXVyMTUzMTg2ODkz._V1_FMjpg_UX320_.jpg,https://m.media-amazon.com/images/M/MV5BOTBhMmU0NGQtZmE4MS00M2M0LTkyOTgtZTAxYWJlMzAyYzNhXkEyXkFqcGdeQXVyMTUzMTg2ODkz._V1_FMjpg_UX320_.jpg,https://m.media-amazon.com/images/M/MV5BMzgxZGNhYjQtMWI0Mi00NGE1LWFjYTMtYWEwNDA2MDA5NDRiXkEyXkFqcGdeQXVyMTUzMTg2ODkz._V1_FMjpg_UX320_.jpg,https://m.media-amazon.com/images/M/MV5BMWVhNTIwODUtZTBlOS00M2Y2LTgwYzQtZmI5NzZjZjlhNWE3XkEyXkFqcGdeQXVyMTUzMTg2ODkz._V1_FMjpg_UX320_.jpg,https://m.media-amazon.com/images/M/MV5BZDg1MWFkNTQtZGYxNS00ZjhkLTg0NGUtMmMzZTgzZGVmYjZkXkEyXkFqcGdeQXVyMTUzMTg2ODkz._V1_FMjpg_UX320_.jpg,https://m.media-amazon.com/images/M/MV5BZDYwMjQ1YjUtNTc1NC00ODA4LTgzODQtNmFlYmYzOWFhZGM5XkEyXkFqcGdeQXVyMTUzMTg2ODkz._V1_FMjpg_UX320_.jpg
Andor,Andor,"Action, Adventure, Drama",2022– ,https://m.media-amazon.com/images/M/MV5BYzFjN2JlMWMtMmU0ZC00ZjQ3LWJlZmYtMDg3YWFkN2MxYWZkXkEyXkFqcGdeQXVyODk4OTc3MTY@._V1_.jpg,https://m.media-amazon.com/images/M/MV5BYzFjN2JlMWMtMmU0ZC00ZjQ3LWJlZmYtMDg3YWFkN2MxYWZkXkEyXkFqcGdeQXVyODk4OTc3MTY@._V1_FMjpg_UY473_.jpg,"Prequel series to Star Wars' 'Rogue One'. In an era filled with danger, deception and intrigue, Cassian will embark on the path that is destined to turn him into a Rebel hero.","Diego Luna, Stellan Skarsgård, Genevieve O'Reilly, Kyle Soller"
House of the Dragon,https://m.media-amazon.com/images/M/MV5BYmNlMjBlYTgtYTcyZi00Yzc1LTk1ZjQtZjY4NzliNGVhYTA4XkEyXkFqcGdeQXVyMDM2NDM2MQ@@._V1_.jpg,https://m.media-amazon.com/images/M/MV5BYmNlMjBlYTgtYTcyZi00Yzc1LTk1ZjQtZjY4NzliNGVhYTA4XkEyXkFqcGdeQXVyMDM2NDM2MQ@@._V1_.jpg,https://m.media-amazon.com/images/M/MV5BYTk5MzYwMmYtYjM1ZS00ZmFlLTk3MjItNzI5ZWMxMGI0OWU3XkEyXkFqcGdeQXVyMDM2NDM2MQ@@._V1_.jpg,https://m.media-amazon.com/images/M/MV5BM2Y5YjVkNzktZWI2OS00MTA3LTg2NjYtMDg3NWQzMWZkOWZhXkEyXkFqcGdeQXVyMDM2NDM2MQ@@._V1_.jpg,https://m.media-amazon.com/images/M/MV5BMjQ3YThhMjctMDdjMy00NWU3LTlkY2ItNTM0YzJmYmY3NjAwXkEyXkFqcGdeQXVyMDM2NDM2MQ@@._V1_.jpg,https://m.media-amazon.com/images/M/MV5BOWMyYWUwNWQtYzg2Ni00ZTEzLWE1NTQtZjgzY2QwODdkMGJhXkEyXkFqcGdeQXVyMDM2NDM2MQ@@._V1_.jpg,https://m.media-amazon.com/images/M/MV5BNDExOTYyMTgtY2EyYS00ZjU0LTk4Y2MtNDdiMWY3N2NhM2IzXkEyXkFqcGdeQXVyMDM2NDM2MQ@@._V1_.jpg,https://m.media-amazon.com/images/M/MV5BN2E5ZTA0Y2YtMjAzNi00NmY1LWI3NDAtNTJlNzYxZjI4ZGQ3XkEyXkFqcGdeQXVyMDM2NDM2MQ@@._V1_.jpg,https://m.media-amazon.com/images/M/MV5BNjI2MmU4ZjEtMzgwZi00NDdiLWE1NTEtYWY5M2FhOTc4MzRkXkEyXkFqcGdeQXVyMDM2NDM2MQ@@._V1_.jpg,https://m.media-amazon.com/images/M/MV5BNWI3ZTY4NzQtMjI4OC00OTA1LWEyZjUtNTUxOTMxNDlhMWZlXkEyXkFqcGdeQXVyMDM2NDM2MQ@@._V1_.jpg,https://m.media-amazon.com/images/M/MV5BYmM2ZTQwZWItNjk3MS00ZmI3LThhYWYtMmZhMGVhMjU1MjMyXkEyXkFqcGdeQXVyMDM2NDM2MQ@@._V1_.jpg,https://m.media-amazon.com/images/M/MV5BMTVjOTAyNDEtYjZiNi00OTNjLTk4ZTktNjA3YzEwYzcyMDdiXkEyXkFqcGdeQXVyMDM2NDM2MQ@@._V1_.jpg,https://m.media-amazon.com/images/M/MV5BYmNlMjBlYTgtYTcyZi00Yzc1LTk1ZjQtZjY4NzliNGVhYTA4XkEyXkFqcGdeQXVyMDM2NDM2MQ@@._V1_FMjpg_UX320_.jpg,https://m.media-amazon.com/images/M/MV5BYmNlMjBlYTgtYTcyZi00Yzc1LTk1ZjQtZjY4NzliNGVhYTA4XkEyXkFqcGdeQXVyMDM2NDM2MQ@@._V1_FMjpg_UX320_.jpg,https://m.media-amazon.com/images/M/MV5BYTk5MzYwMmYtYjM1ZS00ZmFlLTk3MjItNzI5ZWMxMGI0OWU3XkEyXkFqcGdeQXVyMDM2NDM2MQ@@._V1_FMjpg_UX320_.jpg,https://m.media-amazon.com/images/M/MV5BM2Y5YjVkNzktZWI2OS00MTA3LTg2NjYtMDg3NWQzMWZkOWZhXkEyXkFqcGdeQXVyMDM2NDM2MQ@@._V1_FMjpg_UX320_.jpg,https://m.media-amazon.com/images/M/MV5BMjQ3YThhMjctMDdjMy00NWU3LTlkY2ItNTM0YzJmYmY3NjAwXkEyXkFqcGdeQXVyMDM2NDM2MQ@@._V1_FMjpg_UX320_.jpg,https://m.media-amazon.com/images/M/MV5BOWMyYWUwNWQtYzg2Ni00ZTEzLWE1NTQtZjgzY2QwODdkMGJhXkEyXkFqcGdeQXVyMDM2NDM2MQ@@._V1_FMjpg_UX320_.jpg,https://m.media-amazon.com/images/M/MV5BNDExOTYyMTgtY2EyYS00ZjU0LTk4Y2MtNDdiMWY3N2NhM2IzXkEyXkFqcGdeQXVyMDM2NDM2MQ@@._V1_FMjpg_UX320_.jpg,https://m.media-amazon.com/images/M/MV5BN2E5ZTA0Y2YtMjAzNi00NmY1LWI3NDAtNTJlNzYxZjI4ZGQ3XkEyXkFqcGdeQXVyMDM2NDM2MQ@@._V1_FMjpg_UX320_.jpg,https://m.media-amazon.com/images/M/MV5BNjI2MmU4ZjEtMzgwZi00NDdiLWE1NTEtYWY5M2FhOTc4MzRkXkEyXkFqcGdeQXVyMDM2NDM2MQ@@._V1_FMjpg_UX320_.jpg,https://m.media-amazon.com/images/M/MV5BNWI3ZTY4NzQtMjI4OC00OTA1LWEyZjUtNTUxOTMxNDlhMWZlXkEyXkFqcGdeQXVyMDM2NDM2MQ@@._V1_FMjpg_UX320_.jpg,https://m.media-amazon.com/images/M/MV5BYmM2ZTQwZWItNjk3MS00ZmI3LThhYWYtMmZhMGVhMjU1MjMyXkEyXkFqcGdeQXVyMDM2NDM2MQ@@._V1_FMjpg_UX320_.jpg,https://m.media-amazon.com/images/M/MV5BMTVjOTAyNDEtYjZiNi00OTNjLTk4ZTktNjA3YzEwYzcyMDdiXkEyXkFqcGdeQXVyMDM2NDM2MQ@@._V1_FMjpg_UX320_.jpg
House of the Dragon,House of the Dragon,"Action, Adventure, Drama",2022– ,https://m.media-amazon.com/images/M/MV5BZjBiOGIyY2YtOTA3OC00YzY1LThkYjktMGRkYTNhNTExY2I2XkEyXkFqcGdeQXVyMTEyMjM2NDc2._V1_.jpg,https://m.media-amazon.com/images/M/MV5BZjBiOGIyY2YtOTA3OC00YzY1LThkYjktMGRkYTNhNTExY2I2XkEyXkFqcGdeQXVyMTEyMjM2NDc2._V1_FMjpg_UY473_.jpg,"An internal succession war within House Targaryen at the height of its power, 172 years before the birth of Daenerys Targaryen.","Rhys Ifans, Matt Smith, Fabien Frankel, Graham McTavish"
Game of Thrones: Das Lied von Eis und Feuer,https://m.media-amazon.com/images/M/MV5BYmU2OGU3YjQtZDM4OC00MzM4LTlmYjItMTRkZDNlZmY1ODAwXkEyXkFqcGdeQXVyMTUzMTg2ODkz._V1_.jpg,https://m.media-amazon.com/images/M/MV5BYmU2OGU3YjQtZDM4OC00MzM4LTlmYjItMTRkZDNlZmY1ODAwXkEyXkFqcGdeQXVyMTUzMTg2ODkz._V1_.jpg,https://m.media-amazon.com/images/M/MV5BNDU2MTczYzUtZjFhOS00MzQ3LTkyNzYtYzE4Yzg3YTkxNTFmXkEyXkFqcGdeQXVyMTMwOTMxODM@._V1_.jpg,https://m.media-amazon.com/images/M/MV5BNGI0NzNiZjItZDMyMS00ODZjLWIxZDAtNDc5ZGQ0NzQ0ZDAzXkEyXkFqcGdeQXVyMTkxNjUyNQ@@._V1_.jpg,https://m.media-amazon.com/images/M/MV5BZjkwZjkzYjYtNjdhYS00ZDZjLThhMmQtZGEwOTg3ODMwMTQ1XkEyXkFqcGdeQXVyMTkxNjUyNQ@@._V1_.jpg,https://m.media-amazon.com/images/M/MV5BNzg1Mzg4OTA5NV5BMl5BanBnXkFtZTgwODgwNjcwODM@._V1_.jpg,https://m.media-amazon.com/images/M/MV5BMjExODg2ODQyNl5BMl5BanBnXkFtZTgwOTgwNjcwODM@._V1_.jpg,https://m.media-amazon.com/images/M/MV5BMjI4ODQ1Mjk2NV5BMl5BanBnXkFtZTgwMTkwNjcwODM@._V1_.jpg,https://m.media-amazon.com/images/M/MV5BMTExMjM4Mjg3MDheQTJeQWpwZ15BbWU4MDI5MDY3MDgz._V1_.jpg,https://m.media-amazon.com/images/M/MV5BMTgwNzY5OTM5OF5BMl5BanBnXkFtZTgwMzkwNjcwODM@._V1_.jpg,https://m.media-amazon.com/images/M/MV5BMTA1NDYyMjk0OTleQTJeQWpwZ15BbWU4MDQ5MDY3MDgz._V1_.jpg,https://m.media-amazon.com/images/M/MV5BMjEzODYxNDYxNl5BMl5BanBnXkFtZTgwNTkwNjcwODM@._V1_.jpg,https://m.media-amazon.com/images/M/MV5BYmU2OGU3YjQtZDM4OC00MzM4LTlmYjItMTRkZDNlZmY1ODAwXkEyXkFqcGdeQXVyMTUzMTg2ODkz._V1_FMjpg_UX320_.jpg,https://m.media-amazon.com/images/M/MV5BYmU2OGU3YjQtZDM4OC00MzM4LTlmYjItMTRkZDNlZmY1ODAwXkEyXkFqcGdeQXVyMTUzMTg2ODkz._V1_FMjpg_UX320_.jpg,https://m.media-amazon.com/images/M/MV5BNDU2MTczYzUtZjFhOS00MzQ3LTkyNzYtYzE4Yzg3YTkxNTFmXkEyXkFqcGdeQXVyMTMwOTMxODM@._V1_FMjpg_UX320_.jpg,https://m.media-amazon.com/images/M/MV5BNGI0NzNiZjItZDMyMS00ODZjLWIxZDAtNDc5ZGQ0NzQ0ZDAzXkEyXkFqcGdeQXVyMTkxNjUyNQ@@._V1_FMjpg_UX320_.jpg,https://m.media-amazon.com/images/M/MV5BZjkwZjkzYjYtNjdhYS00ZDZjLThhMmQtZGEwOTg3ODMwMTQ1XkEyXkFqcGdeQXVyMTkxNjUyNQ@@._V1_FMjpg_UX320_.jpg,https://m.media-amazon.com/images/M/MV5BNzg1Mzg4OTA5NV5BMl5BanBnXkFtZTgwODgwNjcwODM@._V1_FMjpg_UX320_.jpg,https://m.media-amazon.com/images/M/MV5BMjExODg2ODQyNl5BMl5BanBnXkFtZTgwOTgwNjcwODM@._V1_FMjpg_UX320_.jpg,https://m.media-amazon.com/images/M/MV5BMjI4ODQ1Mjk2NV5BMl5BanBnXkFtZTgwMTkwNjcwODM@._V1_FMjpg_UX320_.jpg,https://m.media-amazon.com/images/M/MV5BMTExMjM4Mjg3MDheQTJeQWpwZ15BbWU4MDI5MDY3MDgz._V1_FMjpg_UX320_.jpg,https://m.media-amazon.com/images/M/MV5BMTgwNzY5OTM5OF5BMl5BanBnXkFtZTgwMzkwNjcwODM@._V1_FMjpg_UX320_.jpg,https://m.media-amazon.com/images/M/MV5BMTA1NDYyMjk0OTleQTJeQWpwZ15BbWU4MDQ5MDY3MDgz._V1_FMjpg_UX320_.jpg,https://m.media-amazon.com/images/M/MV5BMjEzODYxNDYxNl5BMl5BanBnXkFtZTgwNTkwNjcwODM@._V1_FMjpg_UX320_.jpg
Game of Thrones: Das Lied von Eis und Feuer,Game of Thrones,"Action, Adventure, Drama",2011–2019,https://m.media-amazon.com/images/M/MV5BZmVmNDU5NzEtYjgxYS00ODVkLTk5NjktZmY4ZjAxNGQ5YThhXkEyXkFqcGdeQXVyMTM4NTI3OTI@._V1_.jpg,https://m.media-amazon.com/images/M/MV5BZmVmNDU5NzEtYjgxYS00ODVkLTk5NjktZmY4ZjAxNGQ5YThhXkEyXkFqcGdeQXVyMTM4NTI3OTI@._V1_FMjpg_UY452_.jpg,"Nine noble families fight for control over the lands of Westeros, while an ancient enemy returns after being dormant for millennia.","Emilia Clarke, Peter Dinklage, Kit Harington, Lena Headey"
Der Herr der Ringe: Die Ringe der Macht,https://m.media-amazon.com/images/M/MV5BYWMyMjhjNWMtZTYxYi00OTg5LWIzNjMtNjA4MmM5MmRlOTE3XkEyXkFqcGdeQXVyMTEyMjM2NDc2._V1_.jpg,https://m.media-amazon.com/images/M/MV5BYWMyMjhjNWMtZTYxYi00OTg5LWIzNjMtNjA4MmM5MmRlOTE3XkEyXkFqcGdeQXVyMTEyMjM2NDc2._V1_.jpg,https://m.media-amazon.com/images/M/MV5BMjg4ZDI3OTgtZTMwMy00NGQ0LTk0MTQtODdmNjlkNWE0MTY2XkEyXkFqcGdeQXVyMDM2NDM2MQ@@._V1_.jpg,https://m.media-amazon.com/images/M/MV5BOTAxYTIyOTYtY2Q5OS00OTAzLWFlZDQtZmFjNzQ2MWNlYmE4XkEyXkFqcGdeQXVyMDM2NDM2MQ@@._V1_.jpg,https://m.media-amazon.com/images/M/MV5BNGNhMDdmNzktYzBkNS00N2QzLTg0ZGEtNmQ2NzMxYmU2MWZmXkEyXkFqcGdeQXVyMDM2NDM2MQ@@._V1_.jpg,https://m.media-amazon.com/images/M/MV5BZjg0ZDc1YjEtZWIyNS00NWEyLTllM2YtMTQ1NDU2Y2IzYTU4XkEyXkFqcGdeQXVyMDM2NDM2MQ@@._V1_.jpg,https://m.media-amazon.com/images/M/MV5BMjQxNGUwODYtZDZhYy00YjkzLWFhYzEtZmZjNzUxM2QyNmU0XkEyXkFqcGdeQXVyMDM2NDM2MQ@@._V1_.jpg,https://m.media-amazon.com/images/M/MV5BYTRlZjQwOTgtYjMwNC00NDViLWI5YzMtN2VmNzVmNDEyYTI2XkEyXkFqcGdeQXVyMDM2NDM2MQ@@._V1_.jpg,https://m.media-amazon.com/images/M/MV5BMzUyODI3YTYtNTQzYi00Mzc4LThiYjgtZTJlYmQyYTMyNzkyXkEyXkFqcGdeQXVyMDM2NDM2MQ@@._V1_.jpg,https://m.media-amazon.com/images/M/MV5BYzNiZjJkMTgtNGRhZS00MmZkLWI0Y2QtNWZlMTlhOWEyY2I2XkEyXkFqcGdeQXVyMDM2NDM2MQ@@._V1_.jpg,https://m.media-amazon.com/images/M/MV5BNWJjODc2NWMtM2YyNy00YTM4LTk3MDktMTg4ZmY0ZGVhZmIxXkEyXkFqcGdeQXVyMDM2NDM2MQ@@._V1_.jpg,https://m.media-amazon.com/images/M/MV5BYzVlNTNjZjAtYzRlZS00OGFjLWIyOWQtNzg2ZTNiMDJhZDc0XkEyXkFqcGdeQXVyMDM2NDM2MQ@@._V1_.jpg,https://m.media-amazon.com/images/M/MV5BYWMyMjhjNWMtZTYxYi00OTg5LWIzNjMtNjA4MmM5MmRlOTE3XkEyXkFqcGdeQXVyMTEyMjM2NDc2._V1_FMjpg_UX320_.jpg,https://m.media-amazon.com/images/M/MV5BYWMyMjhjNWMtZTYxYi00OTg5LWIzNjMtNjA4MmM5MmRlOTE3XkEyXkFqcGdeQXVyMTEyMjM2NDc2._V1_FMjpg_UX320_.jpg,https://m.media-amazon.com/images/M/MV5BMjg4ZDI3OTgtZTMwMy00NGQ0LTk0MTQtODdmNjlkNWE0MTY2XkEyXkFqcGdeQXVyMDM2NDM2MQ@@._V1_FMjpg_UX320_.jpg,https://m.media-amazon.com/images/M/MV5BOTAxYTIyOTYtY2Q5OS00OTAzLWFlZDQtZmFjNzQ2MWNlYmE4XkEyXkFqcGdeQXVyMDM2NDM2MQ@@._V1_FMjpg_UX320_.jpg,https://m.media-amazon.com/images/M/MV5BNGNhMDdmNzktYzBkNS00N2QzLTg0ZGEtNmQ2NzMxYmU2MWZmXkEyXkFqcGdeQXVyMDM2NDM2MQ@@._V1_FMjpg_UX320_.jpg,https://m.media-amazon.com/images/M/MV5BZjg0ZDc1YjEtZWIyNS00NWEyLTllM2YtMTQ1NDU2Y2IzYTU4XkEyXkFqcGdeQXVyMDM2NDM2MQ@@._V1_FMjpg_UX320_.jpg,https://m.media-amazon.com/images/M/MV5BMjQxNGUwODYtZDZhYy00YjkzLWFhYzEtZmZjNzUxM2QyNmU0XkEyXkFqcGdeQXVyMDM2NDM2MQ@@._V1_FMjpg_UX320_.jpg,https://m.media-amazon.com/images/M/MV5BYTRlZjQwOTgtYjMwNC00NDViLWI5YzMtN2VmNzVmNDEyYTI2XkEyXkFqcGdeQXVyMDM2NDM2MQ@@._V1_FMjpg_UX320_.jpg,https://m.media-amazon.com/images/M/MV5BMzUyODI3YTYtNTQzYi00Mzc4LThiYjgtZTJlYmQyYTMyNzkyXkEyXkFqcGdeQXVyMDM2NDM2MQ@@._V1_FMjpg_UX320_.jpg,https://m.media-amazon.com/images/M/MV5BYzNiZjJkMTgtNGRhZS00MmZkLWI0Y2QtNWZlMTlhOWEyY2I2XkEyXkFqcGdeQXVyMDM2NDM2MQ@@._V1_FMjpg_UX320_.jpg,https://m.media-amazon.com/images/M/MV5BNWJjODc2NWMtM2YyNy00YTM4LTk3MDktMTg4ZmY0ZGVhZmIxXkEyXkFqcGdeQXVyMDM2NDM2MQ@@._V1_FMjpg_UX320_.jpg,https://m.media-amazon.com/images/M/MV5BYzVlNTNjZjAtYzRlZS00OGFjLWIyOWQtNzg2ZTNiMDJhZDc0XkEyXkFqcGdeQXVyMDM2NDM2MQ@@._V1_FMjpg_UX320_.jpg
Der Herr der Ringe: Die Ringe der Macht,The Lord of the Rings: The Rings of Pow,"Action, Adventure, Drama",2022– ,https://m.media-amazon.com/images/M/MV5BODZkMmFkNjMtMmY3ZC00N2JkLWJkYzAtYjQyYTJmZmNmM2ZjXkEyXkFqcGdeQXVyMTE4NjM1MTg5._V1_.jpg,https://m.media-amazon.com/images/M/MV5BODZkMmFkNjMtMmY3ZC00N2JkLWJkYzAtYjQyYTJmZmNmM2ZjXkEyXkFqcGdeQXVyMTE4NjM1MTg5._V1_FMjpg_UY474_.jpg,"Epic drama set thousands of years before the events of J.R.R. Tolkien's 'The Hobbit' and 'The Lord of the Rings' follows an ensemble cast of characters, both familiar and new, as they confront the long-feared re-emergence of evil to Middle-earth.","Morfydd Clark, Ismael Cruz Cordova, Charlie Vickers, Markella Kavenagh"
Titans,https://m.media-amazon.com/images/M/MV5BYjlkMTJhYzQtNjA1Ni00MmY5LTg0NmUtNWU3NmI3NzkzZGY4XkEyXkFqcGdeQXVyMTUzMTg2ODkz._V1_.jpg,https://m.media-amazon.com/images/M/MV5BYjlkMTJhYzQtNjA1Ni00MmY5LTg0NmUtNWU3NmI3NzkzZGY4XkEyXkFqcGdeQXVyMTUzMTg2ODkz._V1_.jpg,https://m.media-amazon.com/images/M/MV5BZWUzNmJhZTYtNGQyZC00NmE2LTk2YWUtMmM2ODg0OGYxNWVkXkEyXkFqcGdeQXVyODk4OTc3MTY@._V1_.jpg,https://m.media-amazon.com/images/M/MV5BMjQ3MTQ5MDkyMl5BMl5BanBnXkFtZTgwNzY3NzU0NjM@._V1_.jpg,https://m.media-amazon.com/images/M/MV5BMjI2ODQzMjE1Ml5BMl5BanBnXkFtZTgwODY3NzU0NjM@._V1_.jpg,https://m.media-amazon.com/images/M/MV5BMjExMzE2MzQzMV5BMl5BanBnXkFtZTgwOTY3NzU0NjM@._V1_.jpg,https://m.media-amazon.com/images/M/MV5BNjk0MTk4MTY0N15BMl5BanBnXkFtZTgwMDc3NzU0NjM@._V1_.jpg,https://m.media-amazon.com/images/M/MV5BMjQ4MTcyMzI5MV5BMl5BanBnXkFtZTgwMjc3NzU0NjM@._V1_.jpg,https://m.media-amazon.com/images/M/MV5BMjE5MjUxMjkwMF5BMl5BanBnXkFtZTgwNTgyMjQyNjM@._V1_.jpg,https://m.media-amazon.com/images/M/MV5BMTk1MTIxNzMzNV5BMl5BanBnXkFtZTgwNjgyMjQyNjM@._V1_.jpg,https://m.media-amazon.com/images/M/MV5BMjQxMjU5NTIxMl5BMl5BanBnXkFtZTgwNjIzNzgzNDM@._V1_.jpg,https://m.media-amazon.com/images/M/MV5BMjEzMzk2MDk1MF5BMl5BanBnXkFtZTgwODg5NTkyNDM@._V1_.jpg,https://m.media-amazon.com/images/M/MV5BYjlkMTJhYzQtNjA1Ni00MmY5LTg0NmUtNWU3NmI3NzkzZGY4XkEyXkFqcGdeQXVyMTUzMTg2ODkz._V1_FMjpg_UX320_.jpg,https://m.media-amazon.com/images/M/MV5BYjlkMTJhYzQtNjA1Ni00MmY5LTg0NmUtNWU3NmI3NzkzZGY4XkEyXkFqcGdeQXVyMTUzMTg2ODkz._V1_FMjpg_UX320_.jpg,https://m.media-amazon.com/images/M/MV5BZWUzNmJhZTYtNGQyZC00NmE2LTk2YWUtMmM2ODg0OGYxNWVkXkEyXkFqcGdeQXVyODk4OTc3MTY@._V1_FMjpg_UX320_.jpg,https://m.media-amazon.com/images/M/MV5BMjQ3MTQ5MDkyMl5BMl5BanBnXkFtZTgwNzY3NzU0NjM@._V1_FMjpg_UX320_.jpg,https://m.media-amazon.com/images/M/MV5BMjI2ODQzMjE1Ml5BMl5BanBnXkFtZTgwODY3NzU0NjM@._V1_FMjpg_UY471_.jpg,https://m.media-amazon.com/images/M/MV5BMjExMzE2MzQzMV5BMl5BanBnXkFtZTgwOTY3NzU0NjM@._V1_FMjpg_UX320_.jpg,https://m.media-amazon.com/images/M/MV5BNjk0MTk4MTY0N15BMl5BanBnXkFtZTgwMDc3NzU0NjM@._V1_FMjpg_UX320_.jpg,https://m.media-amazon.com/images/M/MV5BMjQ4MTcyMzI5MV5BMl5BanBnXkFtZTgwMjc3NzU0NjM@._V1_FMjpg_UX320_.jpg,https://m.media-amazon.com/images/M/MV5BMjE5MjUxMjkwMF5BMl5BanBnXkFtZTgwNTgyMjQyNjM@._V1_FMjpg_UX320_.jpg,https://m.media-amazon.com/images/M/MV5BMTk1MTIxNzMzNV5BMl5BanBnXkFtZTgwNjgyMjQyNjM@._V1_FMjpg_UX320_.jpg,https://m.media-amazon.com/images/M/MV5BMjQxMjU5NTIxMl5BMl5BanBnXkFtZTgwNjIzNzgzNDM@._V1_FMjpg_UX320_.jpg,https://m.media-amazon.com/images/M/MV5BMjEzMzk2MDk1MF5BMl5BanBnXkFtZTgwODg5NTkyNDM@._V1_FMjpg_UX320_.jpg
Titans,Titans,"Action, Adventure, Crime",2018– ,https://m.media-amazon.com/images/M/MV5BOGIxMzE1MTEtMzViYi00MWI5LTllOTUtMmZkYzM3NmIyNTZlXkEyXkFqcGdeQXVyMTkxNjUyNQ@@._V1_.jpg,https://m.media-amazon.com/images/M/MV5BOGIxMzE1MTEtMzViYi00MWI5LTllOTUtMmZkYzM3NmIyNTZlXkEyXkFqcGdeQXVyMTkxNjUyNQ@@._V1_FMjpg_UY480_.jpg,A team of young superheroes combat evil and other perils.,"Brenton Thwaites, Anna Diop, Ryan Potter, Teagan Croft"
Warrior Nun,https://m.media-amazon.com/images/M/MV5BZjYxYmNkOTgtOTQxNy00ZTQ2LTkwYzgtZGZmOTgwYWU4ODM2XkEyXkFqcGdeQXVyMDM2NDM2MQ@@._V1_.jpg,https://m.media-amazon.com/images/M/MV5BZjYxYmNkOTgtOTQxNy00ZTQ2LTkwYzgtZGZmOTgwYWU4ODM2XkEyXkFqcGdeQXVyMDM2NDM2MQ@@._V1_.jpg,https://m.media-amazon.com/images/M/MV5BZmRiODI0OTYtNGFlNy00NjAwLWFlNWQtZDEyMWJkMTY1NmQ3XkEyXkFqcGdeQXVyMDM2NDM2MQ@@._V1_.jpg,https://m.media-amazon.com/images/M/MV5BNjg4MGYwMmEtNGFmOS00YjU3LWJmNDctNWZmOGEzYzU5ZmY3XkEyXkFqcGdeQXVyMDM2NDM2MQ@@._V1_.jpg,https://m.media-amazon.com/images/M/MV5BMWNmNDVkNjctYWNhMC00ZGQ2LWI4NzctOGZhNTVhMWMwMzNhXkEyXkFqcGdeQXVyMDM2NDM2MQ@@._V1_.jpg,https://m.media-amazon.com/images/M/MV5BMmIzOGJhNjUtMzE3Yi00ZTYwLTlhMDAtMzQzNTlkOGM2Y2MyXkEyXkFqcGdeQXVyMDM2NDM2MQ@@._V1_.jpg,https://m.media-amazon.com/images/M/MV5BYjRkNDgyZDctMzRlOS00MDNkLTkzYmUtOTFlMmEwYTc4ODU5XkEyXkFqcGdeQXVyMDM2NDM2MQ@@._V1_.jpg,https://m.media-amazon.com/images/M/MV5BMDg4NTQ2ZDgtMzI5Zi00Mzc1LTk0ZWQtZTI5ODhkNWY5NzdlXkEyXkFqcGdeQXVyNjEwNTM2Mzc@._V1_.jpg,https://m.media-amazon.com/images/M/MV5BODNhODdmZTQtMWFhNS00NmIyLTllOTEtMWQ4OTljM2ZkODkwXkEyXkFqcGdeQXVyOTY5NzkyNjY@._V1_.jpg,https://m.media-amazon.com/images/M/MV5BNzI4NDhjZWMtYTk5OS00OWM0LWI2MWItOTE0M2RmMzVkMzg3XkEyXkFqcGdeQXVyOTY5NzkyNjY@._V1_.jpg,https://m.media-amazon.com/images/M/MV5BNTZiNzExOTgtYWNiMy00NmJiLWJhNGUtYjQzNThhOGQyNWRlXkEyXkFqcGdeQXVyOTY5NzkyNjY@._V1_.jpg,https://m.media-amazon.com/images/M/MV5BMjY3NTU5M2ItZmJmNi00N2M0LWFjY2ItMTlmNTg0MTE5MTJhXkEyXkFqcGdeQXVyOTY5NzkyNjY@._V1_.jpg,https://m.media-amazon.com/images/M/MV5BZjYxYmNkOTgtOTQxNy00ZTQ2LTkwYzgtZGZmOTgwYWU4ODM2XkEyXkFqcGdeQXVyMDM2NDM2MQ@@._V1_FMjpg_UX320_.jpg,https://m.media-amazon.com/images/M/MV5BZjYxYmNkOTgtOTQxNy00ZTQ2LTkwYzgtZGZmOTgwYWU4ODM2XkEyXkFqcGdeQXVyMDM2NDM2MQ@@._V1_FMjpg_UX320_.jpg,https://m.media-amazon.com/images/M/MV5BZmRiODI0OTYtNGFlNy00NjAwLWFlNWQtZDEyMWJkMTY1NmQ3XkEyXkFqcGdeQXVyMDM2NDM2MQ@@._V1_FMjpg_UX320_.jpg,https://m.media-amazon.com/images/M/MV5BNjg4MGYwMmEtNGFmOS00YjU3LWJmNDctNWZmOGEzYzU5ZmY3XkEyXkFqcGdeQXVyMDM2NDM2MQ@@._V1_FMjpg_UX320_.jpg,https://m.media-amazon.com/images/M/MV5BMWNmNDVkNjctYWNhMC00ZGQ2LWI4NzctOGZhNTVhMWMwMzNhXkEyXkFqcGdeQXVyMDM2NDM2MQ@@._V1_FMjpg_UX320_.jpg,https://m.media-amazon.com/images/M/MV5BMmIzOGJhNjUtMzE3Yi00ZTYwLTlhMDAtMzQzNTlkOGM2Y2MyXkEyXkFqcGdeQXVyMDM2NDM2MQ@@._V1_FMjpg_UX320_.jpg,https://m.media-amazon.com/images/M/MV5BYjRkNDgyZDctMzRlOS00MDNkLTkzYmUtOTFlMmEwYTc4ODU5XkEyXkFqcGdeQXVyMDM2NDM2MQ@@._V1_FMjpg_UX320_.jpg,https://m.media-amazon.com/images/M/MV5BMDg4NTQ2ZDgtMzI5Zi00Mzc1LTk0ZWQtZTI5ODhkNWY5NzdlXkEyXkFqcGdeQXVyNjEwNTM2Mzc@._V1_FMjpg_UY474_.jpg,https://m.media-amazon.com/images/M/MV5BODNhODdmZTQtMWFhNS00NmIyLTllOTEtMWQ4OTljM2ZkODkwXkEyXkFqcGdeQXVyOTY5NzkyNjY@._V1_FMjpg_UX320_.jpg,https://m.media-amazon.com/images/M/MV5BNzI4NDhjZWMtYTk5OS00OWM0LWI2MWItOTE0M2RmMzVkMzg3XkEyXkFqcGdeQXVyOTY5NzkyNjY@._V1_FMjpg_UX320_.jpg,https://m.media-amazon.com/images/M/MV5BNTZiNzExOTgtYWNiMy00NmJiLWJhNGUtYjQzNThhOGQyNWRlXkEyXkFqcGdeQXVyOTY5NzkyNjY@._V1_FMjpg_UX320_.jpg,https://m.media-amazon.com/images/M/MV5BMjY3NTU5M2ItZmJmNi00N2M0LWFjY2ItMTlmNTg0MTE5MTJhXkEyXkFqcGdeQXVyOTY5NzkyNjY@._V1_FMjpg_UX320_.jpg
Warrior Nun,Warrior Nun,"Action, Drama, Fantasy",2020– ,https://m.media-amazon.com/images/M/MV5BNjI1NTkxZmYtMjk5Yi00YzEzLTkzYjAtODI4NGY3YzU1M2UzXkEyXkFqcGdeQXVyNTE1NjY5Mg@@._V1_.jpg,https://m.media-amazon.com/images/M/MV5BNjI1NTkxZmYtMjk5Yi00YzEzLTkzYjAtODI4NGY3YzU1M2UzXkEyXkFqcGdeQXVyNTE1NjY5Mg@@._V1_FMjpg_UY427_.jpg,"After waking up in a morgue, an orphaned teen discovers she now possesses superpowers as the chosen Halo Bearer for a secret sect of demon-hunting nuns.","Alba Baptista, Kristina Tonteri-Young, Lorena Andrea, Tristán Ulloa"
Half Bad,https://m.media-amazon.com/images/M/MV5BMzA3OTU0YWQtZGVhMC00M2Y1LWIxNDItN2VlYzdhMmExYzFiXkEyXkFqcGdeQXVyMTUzOTczNzYx._V1_.jpg,https://m.media-amazon.com/images/M/MV5BMzA3OTU0YWQtZGVhMC00M2Y1LWIxNDItN2VlYzdhMmExYzFiXkEyXkFqcGdeQXVyMTUzOTczNzYx._V1_.jpg,https://m.media-amazon.com/images/M/MV5BY2Y0ZDY1ZjYtMDlkZi00ZWE1LThhZjYtNmU3NjMzZTk4M2FlXkEyXkFqcGdeQXVyMTUzMTQ0NzQz._V1_.jpg,https://m.media-amazon.com/images/M/MV5BZWMxNTE5MTYtZWZhYS00OTc2LWEyZTgtM2YzNzcwNmViOWYxXkEyXkFqcGdeQXVyNTU2MjIzMzk@._V1_.jpg,https://m.media-amazon.com/images/M/MV5BMzA2MjY1OGQtZTZmNi00MmVhLThkMDEtMzBjNjZhNzc4YTM5XkEyXkFqcGdeQXVyNTU2MjIzMzk@._V1_.jpg,https://m.media-amazon.com/images/M/MV5BODRhZmI4YmQtY2RkOS00Y2I5LWI5NDYtOWFlMjZmZTZmM2QzXkEyXkFqcGdeQXVyNTU2MjIzMzk@._V1_.jpg,https://m.media-amazon.com/images/M/MV5BN2NlOWFiYTUtOTEwMC00OTg0LWI2MTItOGYyZDE3ZjRjOTZhXkEyXkFqcGdeQXVyNTU2MjIzMzk@._V1_.jpg,https://m.media-amazon.com/images/M/MV5BNDFiYzFkYWUtNTJjNi00ZGM2LThhMmItZDdkYzMzZjhiZjExXkEyXkFqcGdeQXVyNTU2MjIzMzk@._V1_.jpg,https://m.media-amazon.com/images/M/MV5BZDgxZWY1YmMtYzhkYS00YjVkLWE3ZTYtNjVkMGVjNjBkZmNjXkEyXkFqcGdeQXVyNTU2MjIzMzk@._V1_.jpg,https://m.media-amazon.com/images/M/MV5BOTBhNGZhZTMtZjQyNS00ZDdhLTgzNWYtYjg1ZDVkNzY3YTYyXkEyXkFqcGdeQXVyNTU2MjIzMzk@._V1_.jpg,https://m.media-amazon.com/images/M/MV5BYjI5ZDE5NjUtZDdmZC00NmNiLWJkYmEtMDQyNTJhZTU5OTFjXkEyXkFqcGdeQXVyMTk4MjE3Ng@@._V1_.jpg,https://m.media-amazon.com/images/M/MV5BNTU3MzljZGItNmY3NC00MTZjLWEwOTAtMTgyMGM3YTI4YzFhXkEyXkFqcGdeQXVyMjExNjgyMTc@._V1_.jpg,https://m.media-amazon.com/images/M/MV5BMzA3OTU0YWQtZGVhMC00M2Y1LWIxNDItN2VlYzdhMmExYzFiXkEyXkFqcGdeQXVyMTUzOTczNzYx._V1_FMjpg_UY448_.jpg,https://m.media-amazon.com/images/M/MV5BMzA3OTU0YWQtZGVhMC00M2Y1LWIxNDItN2VlYzdhMmExYzFiXkEyXkFqcGdeQXVyMTUzOTczNzYx._V1_FMjpg_UY448_.jpg,https://m.media-amazon.com/images/M/MV5BY2Y0ZDY1ZjYtMDlkZi00ZWE1LThhZjYtNmU3NjMzZTk4M2FlXkEyXkFqcGdeQXVyMTUzMTQ0NzQz._V1_FMjpg_UY448_.jpg,https://m.media-amazon.com/images/M/MV5BZWMxNTE5MTYtZWZhYS00OTc2LWEyZTgtM2YzNzcwNmViOWYxXkEyXkFqcGdeQXVyNTU2MjIzMzk@._V1_FMjpg_UX320_.jpg,https://m.media-amazon.com/images/M/MV5BMzA2MjY1OGQtZTZmNi00MmVhLThkMDEtMzBjNjZhNzc4YTM5XkEyXkFqcGdeQXVyNTU2MjIzMzk@._V1_FMjpg_UX320_.jpg,https://m.media-amazon.com/images/M/MV5BODRhZmI4YmQtY2RkOS00Y2I5LWI5NDYtOWFlMjZmZTZmM2QzXkEyXkFqcGdeQXVyNTU2MjIzMzk@._V1_FMjpg_UX320_.jpg,https://m.media-amazon.com/images/M/MV5BN2NlOWFiYTUtOTEwMC00OTg0LWI2MTItOGYyZDE3ZjRjOTZhXkEyXkFqcGdeQXVyNTU2MjIzMzk@._V1_FMjpg_UX320_.jpg,https://m.media-amazon.com/images/M/MV5BNDFiYzFkYWUtNTJjNi00ZGM2LThhMmItZDdkYzMzZjhiZjExXkEyXkFqcGdeQXVyNTU2MjIzMzk@._V1_FMjpg_UX320_.jpg,https://m.media-amazon.com/images/M/MV5BZDgxZWY1YmMtYzhkYS00YjVkLWE3ZTYtNjVkMGVjNjBkZmNjXkEyXkFqcGdeQXVyNTU2MjIzMzk@._V1_FMjpg_UX320_.jpg,https://m.media-amazon.com/images/M/MV5BOTBhNGZhZTMtZjQyNS00ZDdhLTgzNWYtYjg1ZDVkNzY3YTYyXkEyXkFqcGdeQXVyNTU2MjIzMzk@._V1_FMjpg_UX320_.jpg,https://m.media-amazon.com/images/M/MV5BYjI5ZDE5NjUtZDdmZC00NmNiLWJkYmEtMDQyNTJhZTU5OTFjXkEyXkFqcGdeQXVyMTk4MjE3Ng@@._V1_FMjpg_UX320_.jpg,https://m.media-amazon.com/images/M/MV5BNTU3MzljZGItNmY3NC00MTZjLWEwOTAtMTgyMGM3YTI4YzFhXkEyXkFqcGdeQXVyMjExNjgyMTc@._V1_FMjpg_UY400_.jpg
Half Bad,The Bastard Son & The Devil Himself,"Action, Adventure, Drama",2022– ,https://m.media-amazon.com/images/M/MV5BYTgyM2UzNTAtODNkZS00MTlkLWJiYjQtZmJlMzQxOTU0ZGY0XkEyXkFqcGdeQXVyODAzMTg2NzU@._V1_.jpg,https://m.media-amazon.com/images/M/MV5BYTgyM2UzNTAtODNkZS00MTlkLWJiYjQtZmJlMzQxOTU0ZGY0XkEyXkFqcGdeQXVyODAzMTg2NzU@._V1_FMjpg_UY480_.jpg,"Caught between two warring clans, the son of a notorious witch responsible for a deadly massacre tries to find his place in the world — and his powers.","Jay Lycurgo, Nadia Parkes, Paul Ready, Isobel Jesper Jones"
The Boys,https://m.media-amazon.com/images/M/MV5BYjI1NTQ3OTUtNmFjZS00MGMwLWFlNzItYjM0NjMzYTAwODcxXkEyXkFqcGdeQXVyMTUzMTg2ODkz._V1_.jpg,https://m.media-amazon.com/images/M/MV5BYjI1NTQ3OTUtNmFjZS00MGMwLWFlNzItYjM0NjMzYTAwODcxXkEyXkFqcGdeQXVyMTUzMTg2ODkz._V1_.jpg,https://m.media-amazon.com/images/M/MV5BMzdiOTk2M2ItZTJhYi00YTUyLThmODUtYzUyMzM4NGZhYzMyXkEyXkFqcGdeQXVyMTUzMTg2ODkz._V1_.jpg,https://m.media-amazon.com/images/M/MV5BYTA3OTkxOTUtYzRlMi00NDZiLWFkOGEtM2I4MzZmOTIxZTRhXkEyXkFqcGdeQXVyMDM2NDM2MQ@@._V1_.jpg,https://m.media-amazon.com/images/M/MV5BYWZhMGM2NWQtN2EyNi00NjY4LTkzMjUtZDBjZjk3OTRhNGEyXkEyXkFqcGdeQXVyMTUzMTg2ODkz._V1_.jpg,https://m.media-amazon.com/images/M/MV5BM2MxN2NhZDAtNzNkNy00NTc2LTg4YzAtYTMwMzEyZGEyMTRkXkEyXkFqcGdeQXVyMTUzMTg2ODkz._V1_.jpg,https://m.media-amazon.com/images/M/MV5BZGFiNDhjODYtODk2NC00NzcxLWE4OTktM2NhNzFhMWFkYTdiXkEyXkFqcGdeQXVyMTUzMTg2ODkz._V1_.jpg,https://m.media-amazon.com/images/M/MV5BYWMyYTNlNzgtZWY3OS00N2ExLWFiZDktMTk2MDMxYzk1MzQ0XkEyXkFqcGdeQXVyMTUzMTg2ODkz._V1_.jpg,https://m.media-amazon.com/images/M/MV5BZjIyNjVmNjktZTFmNC00ZDkxLTlhZjktNGY1MzY3NmIyZjcyXkEyXkFqcGdeQXVyMTUzMTg2ODkz._V1_.jpg,https://m.media-amazon.com/images/M/MV5BODQ0NTBkNDQtNDA3OS00NDcyLTlhMzktOGUzN2EwODliOTNmXkEyXkFqcGdeQXVyMTUzMTg2ODkz._V1_.jpg,https://m.media-amazon.com/images/M/MV5BNmJjYzEzNjQtMzVkOS00ODM3LTk2NzgtZmRmODgxNWRjNTRhXkEyXkFqcGdeQXVyMTUzMTg2ODkz._V1_.jpg,https://m.media-amazon.com/images/M/MV5BZDgxNmRmYjUtNDFlZS00MjJhLThlMzctYTI0MzJhMzQxZTlkXkEyXkFqcGdeQXVyMTUzMTg2ODkz._V1_.jpg,https://m.media-amazon.com/images/M/MV5BYjI1NTQ3OTUtNmFjZS00MGMwLWFlNzItYjM0NjMzYTAwODcxXkEyXkFqcGdeQXVyMTUzMTg2ODkz._V1_FMjpg_UY365_.jpg,https://m.media-amazon.com/images/M/MV5BYjI1NTQ3OTUtNmFjZS00MGMwLWFlNzItYjM0NjMzYTAwODcxXkEyXkFqcGdeQXVyMTUzMTg2ODkz._V1_FMjpg_UY365_.jpg,https://m.media-amazon.com/images/M/MV5BMzdiOTk2M2ItZTJhYi00YTUyLThmODUtYzUyMzM4NGZhYzMyXkEyXkFqcGdeQXVyMTUzMTg2ODkz._V1_FMjpg_UY365_.jpg,https://m.media-amazon.com/images/M/MV5BYTA3OTkxOTUtYzRlMi00NDZiLWFkOGEtM2I4MzZmOTIxZTRhXkEyXkFqcGdeQXVyMDM2NDM2MQ@@._V1_FMjpg_UX320_.jpg,https://m.media-amazon.com/images/M/MV5BYWZhMGM2NWQtN2EyNi00NjY4LTkzMjUtZDBjZjk3OTRhNGEyXkEyXkFqcGdeQXVyMTUzMTg2ODkz._V1_FMjpg_UX320_.jpg,https://m.media-amazon.com/images/M/MV5BM2MxN2NhZDAtNzNkNy00NTc2LTg4YzAtYTMwMzEyZGEyMTRkXkEyXkFqcGdeQXVyMTUzMTg2ODkz._V1_FMjpg_UX320_.jpg,https://m.media-amazon.com/images/M/MV5BZGFiNDhjODYtODk2NC00NzcxLWE4OTktM2NhNzFhMWFkYTdiXkEyXkFqcGdeQXVyMTUzMTg2ODkz._V1_FMjpg_UX320_.jpg,https://m.media-amazon.com/images/M/MV5BYWMyYTNlNzgtZWY3OS00N2ExLWFiZDktMTk2MDMxYzk1MzQ0XkEyXkFqcGdeQXVyMTUzMTg2ODkz._V1_FMjpg_UX320_.jpg,https://m.media-amazon.com/images/M/MV5BZjIyNjVmNjktZTFmNC00ZDkxLTlhZjktNGY1MzY3NmIyZjcyXkEyXkFqcGdeQXVyMTUzMTg2ODkz._V1_FMjpg_UX320_.jpg,https://m.media-amazon.com/images/M/MV5BODQ0NTBkNDQtNDA3OS00NDcyLTlhMzktOGUzN2EwODliOTNmXkEyXkFqcGdeQXVyMTUzMTg2ODkz._V1_FMjpg_UX320_.jpg,https://m.media-amazon.com/images/M/MV5BNmJjYzEzNjQtMzVkOS00ODM3LTk2NzgtZmRmODgxNWRjNTRhXkEyXkFqcGdeQXVyMTUzMTg2ODkz._V1_FMjpg_UX320_.jpg,https://m.media-amazon.com/images/M/MV5BZDgxNmRmYjUtNDFlZS00MjJhLThlMzctYTI0MzJhMzQxZTlkXkEyXkFqcGdeQXVyMTUzMTg2ODkz._V1_FMjpg_UX320_.jpg
The Boys,The Boys,"Action, Comedy, Crime",2019– ,https://m.media-amazon.com/images/M/MV5BOTEyNDJhMDAtY2U5ZS00OTMzLTkwODktMjU3MjFkZWVlMGYyXkEyXkFqcGdeQXVyMjkwOTAyMDU@._V1_.jpg,https://m.media-amazon.com/images/M/MV5BOTEyNDJhMDAtY2U5ZS00OTMzLTkwODktMjU3MjFkZWVlMGYyXkEyXkFqcGdeQXVyMjkwOTAyMDU@._V1_FMjpg_UY400_.jpg,A group of vigilantes set out to take down corrupt superheroes who abuse their superpowers.,"Karl Urban, Jack Quaid, Antony Starr, Erin Moriarty"
